Year,Quarter,Department,Region,Manager,Revenue,Cost_of_Goods,Operating_Expenses,Marketing_Spend,Gross_Profit,Net_Profit,Profit_Margin_Pct,Budget_Allocated,Actual_Spend,Budget_Variance,Tasks_Planned,Tasks_Completed,Completion_Rate_Pct,Delay_Days,Team_Size,Customer_Satisfaction,Employee_Utilization,Risk_Score,Risk_Level
2024,Q3,Logistics,West,Manager_13,438583.16,298007.1,43592.8,36122.81,140576.06,60860.45,13.88,161788.34,212050.29,50261.95,65,40,61.54,50,24,3.89,0.96,5,High
2024,Q2,IT,North,Manager_13,465332.1,288768.26,58017.74,32812.33,176563.85,85733.78,18.42,132396.58,200041.72,67645.14,85,54,63.53,45,17,2.66,0.97,6,High
2024,Q3,HR,West,Manager_15,259565.06,125737.8,11216.59,33493.53,133827.25,89117.14,34.33,109006.6,143145.78,34139.17,60,51,85.0,41,22,2.06,0.67,5,High
2023,Q3,Logistics,North,Manager_5,266376.64,126740.6,32619.15,15300.26,139636.04,91716.64,34.43,196319.15,281413.38,85094.23,46,43,93.48,16,12,4.48,0.62,2,Medium
2024,Q3,Operations,North,Manager_6,463304.63,186028.22,78116.84,15469.05,277276.4,183690.51,39.65,46093.71,32348.03,-13745.69,26,25,96.15,8,5,3.1,0.51,0,Low
2024,Q4,HR,North,Manager_5,314180.7,191246.28,50607.86,14936.12,122934.42,57390.44,18.27,150528.03,197182.13,46654.1,67,50,74.63,5,21,3.06,0.91,2,Medium
2022,Q4,HR,West,Manager_11,64781.0,26860.48,27795.72,12818.87,37920.53,-2694.06,-4.16,54414.33,76460.26,22045.93,96,58,60.42,42,5,2.91,0.55,7,High
2023,Q3,Logistics,North,Manager_12,460737.26,257911.85,46521.1,34507.57,202825.41,121796.74,26.44,80887.36,59409.74,-21477.62,99,86,86.87,24,24,4.93,0.75,0,Low
2023,Q4,Marketing,East,Manager_5,161701.9,111353.84,33985.74,43160.71,50348.05,-26798.4,-16.57,75565.77,108879.55,33313.78,38,20,52.63,38,16,2.51,0.86,8,High
2023,Q1,Operations,West,Manager_4,309934.38,134152.2,47257.15,37594.29,175782.18,90930.74,29.34,190466.48,174884.43,-15582.04,42,31,73.81,48,10,4.69,1.06,3,Medium
2024,Q1,Logistics,East,Manager_3,124480.99,83196.12,18801.91,40644.21,41284.87,-18161.25,-14.59,194124.11,245663.73,51539.62,69,42,60.87,59,6,4.33,0.69,6,High
2024,Q4,Operations,North,Manager_3,65245.62,45505.08,19290.03,23215.93,19740.55,-22765.41,-34.89,52942.78,73077.01,20134.23,98,77,78.57,27,22,2.23,0.65,5,High
2024,Q4,Operations,South,Manager_4,190162.93,79574.65,20047.97,34433.41,110588.28,56106.9,29.5,23966.33,30275.82,6309.49,64,34,53.12,32,13,4.96,0.89,5,High
2022,Q3,HR,North,Manager_9,401223.07,266761.94,75787.39,20940.63,134461.13,37733.12,9.4,149601.45,116456.06,-33145.39,19,9,47.37,53,13,2.81,0.87,4,High
2024,Q2,IT,East,Manager_2,174914.23,97046.56,61302.92,28647.71,77867.67,-12082.96,-6.91,95238.19,114940.43,19702.24,56,53,94.64,36,13,2.3,0.7,7,High
2022,Q4,Operations,East,Manager_15,149043.75,100150.56,21366.73,26673.57,48893.19,852.89,0.57,35991.24,42007.04,6015.8,32,14,43.75,8,4,4.49,1.06,2,Medium
2023,Q1,Finance,West,Manager_9,145706.35,83255.98,23184.44,12959.92,62450.37,26306.01,18.05,143075.74,209645.03,66569.29,94,66,70.21,17,19,4.12,1.01,3,Medium
2024,Q3,HR,South,Manager_1,281828.16,168711.81,61158.06,22418.54,113116.35,29539.74,10.48,118119.0,123269.43,5150.43,30,15,50.0,55,11,3.85,0.63,3,Medium
2022,Q4,Marketing,West,Manager_14,488993.59,275368.76,20931.47,48372.0,213624.83,144321.36,29.51,196493.03,191171.79,-5321.24,22,9,40.91,58,4,2.47,0.64,4,High
2022,Q1,IT,East,Manager_15,256545.04,169152.43,26419.29,16186.11,87392.62,44787.22,17.46,60933.71,81491.11,20557.4,42,17,40.48,20,17,3.44,0.81,3,Medium
2024,Q1,Finance,North,Manager_15,300787.42,186540.23,77434.28,11021.17,114247.19,25791.74,8.57,92716.02,97423.58,4707.57,33,16,48.48,1,18,4.34,0.96,2,Medium
2023,Q2,Finance,South,Manager_1,437284.41,243295.47,27871.46,23836.13,193988.94,142281.36,32.54,117658.24,146976.53,29318.29,20,18,90.0,57,6,2.91,0.53,5,High
2023,Q3,Marketing,North,Manager_5,290781.37,192046.05,56314.26,40565.2,98735.33,1855.86,0.64,162506.0,203048.41,40542.42,26,14,53.85,42,10,2.94,0.92,6,High
2023,Q3,IT,North,Manager_6,133008.29,62990.82,78504.19,31196.67,70017.47,-39683.39,-29.84,118790.96,172821.03,54030.07,77,74,96.1,58,11,2.01,0.89,7,High
2022,Q2,HR,South,Manager_6,184818.16,82651.09,36200.77,35643.87,102167.07,30322.43,16.41,130322.03,157544.81,27222.78,56,41,73.21,59,7,2.52,0.64,5,High
2022,Q2,Sales,West,Manager_3,189471.62,84906.03,11226.12,13536.27,104565.59,79803.2,42.12,60706.47,68405.91,7699.44,34,22,64.71,37,18,4.63,0.91,2,Medium
2022,Q3,IT,North,Manager_7,228793.15,114442.94,27090.31,32852.67,114350.21,54407.23,23.78,172445.37,141067.32,-31378.05,82,61,74.39,57,15,3.33,1.06,3,Medium
2022,Q3,Marketing,East,Manager_9,242055.01,114154.84,68161.4,19557.52,127900.17,40181.25,16.6,97153.5,77565.12,-19588.38,30,21,70.0,39,9,4.95,0.53,2,Medium
2023,Q4,Finance,North,Manager_11,409901.91,278334.51,70522.62,42543.65,131567.4,18501.13,4.51,45372.73,37712.61,-7660.13,93,79,84.95,35,22,3.19,0.69,2,Medium
2024,Q4,HR,South,Manager_12,207224.15,89469.07,63796.36,33318.45,117755.08,20640.27,9.96,139553.82,118072.47,-21481.35,92,52,56.52,49,19,4.15,0.76,3,Medium
2022,Q2,IT,South,Manager_10,260704.32,158950.7,17917.69,13948.53,101753.62,69887.4,26.81,58896.28,73160.7,14264.42,92,56,60.87,59,5,2.85,1.04,6,High
2022,Q4,Sales,South,Manager_8,331239.19,151298.95,65685.73,7907.75,179940.24,106346.76,32.11,37561.25,49950.23,12388.98,21,19,90.48,42,7,3.09,1.08,5,High
2023,Q1,Sales,West,Manager_6,219976.68,146172.55,74307.45,6918.49,73804.12,-7421.82,-3.37,175157.64,201517.61,26359.96,46,44,95.65,36,21,2.57,0.77,5,High
2024,Q4,Operations,North,Manager_12,426454.17,293568.74,52042.67,21713.39,132885.43,59129.37,13.87,102829.21,144440.6,41611.39,51,47,92.16,14,14,3.04,0.95,3,Medium
2024,Q4,Operations,West,Manager_8,314354.12,169638.37,75861.27,16963.3,144715.75,51891.17,16.51,154871.07,238900.04,84028.98,26,16,61.54,27,9,3.64,0.82,2,Medium
2023,Q1,Logistics,West,Manager_12,182320.11,121009.76,67878.72,34074.06,61310.34,-40642.44,-22.29,72305.76,101011.92,28706.16,57,49,85.96,17,11,4.98,0.82,4,High
2023,Q2,Marketing,South,Manager_5,371326.64,149103.82,56688.01,27470.02,222222.82,138064.79,37.18,161654.62,208639.54,46984.92,37,25,67.57,33,8,3.99,0.67,4,High
2024,Q1,IT,South,Manager_8,287441.48,185682.62,50402.97,16970.87,101758.86,34385.03,11.96,40148.47,46275.88,6127.41,50,34,68.0,21,19,2.6,0.63,1,Low
2022,Q4,IT,West,Manager_10,290505.15,136127.1,34400.16,11715.7,154378.05,108262.2,37.27,84075.21,90929.45,6854.24,56,29,51.79,10,18,2.13,0.67,2,Medium
2024,Q2,Logistics,North,Manager_12,266489.58,179243.66,21150.12,10723.99,87245.92,55371.81,20.78,196051.13,151299.23,-44751.9,27,20,74.07,57,5,2.38,0.83,3,Medium
2023,Q4,Finance,East,Manager_4,273655.38,109554.11,52346.77,43909.72,164101.27,67844.78,24.79,162918.15,169347.46,6429.31,87,44,50.57,56,23,3.69,0.52,3,Medium
2022,Q1,Finance,West,Manager_10,394410.33,223573.28,32267.81,15956.51,170837.05,122612.73,31.09,109506.07,161369.72,51863.65,80,47,58.75,12,6,4.3,1.04,4,High
2022,Q1,Logistics,North,Manager_8,96341.67,60405.33,70650.71,34326.98,35936.33,-69041.35,-71.66,81159.94,112554.17,31394.23,22,20,90.91,3,12,4.82,0.59,4,High
2023,Q4,Finance,South,Manager_10,200463.27,95742.56,79533.59,41480.87,104720.71,-16293.75,-8.13,176984.43,156391.17,-20593.26,91,47,51.65,21,7,2.05,0.63,4,High
2023,Q3,Operations,South,Manager_12,83976.51,38456.19,62669.94,32633.66,45520.32,-49783.28,-59.28,118072.6,129480.37,11407.77,22,9,40.91,6,23,3.57,0.81,3,Medium
2023,Q3,IT,North,Manager_2,388960.8,165397.59,16333.72,43680.44,223563.21,163549.05,42.05,156516.5,218217.61,61701.11,40,17,42.5,42,24,3.41,0.93,5,High
2024,Q1,Logistics,East,Manager_12,172535.83,85910.78,30207.99,22657.72,86625.05,33759.34,19.57,155739.38,117937.83,-37801.55,11,10,90.91,53,12,3.97,0.56,2,Medium
2024,Q1,IT,South,Manager_12,453843.68,257762.02,17637.67,48030.0,196081.67,130414.0,28.74,23230.22,23910.49,680.27,25,17,68.0,23,14,3.68,0.69,0,Low
2022,Q3,Sales,South,Manager_5,286960.31,124756.9,55535.82,10991.53,162203.41,95676.07,33.34,42725.68,60844.15,18118.47,18,11,61.11,3,12,4.06,1.08,3,Medium
2023,Q3,Operations,South,Manager_9,410337.4,210506.62,63563.36,9596.73,199830.78,126670.69,30.87,138733.29,144742.27,6008.98,82,72,87.8,27,15,3.97,0.66,0,Low
2022,Q4,HR,North,Manager_4,490519.15,197542.71,74797.24,34641.15,292976.43,183538.05,37.42,49091.57,37602.79,-11488.78,47,42,89.36,14,13,2.35,0.69,1,Low
2022,Q4,Operations,West,Manager_11,427904.99,276257.1,40672.06,47427.4,151647.89,63548.42,14.85,65988.8,76623.18,10634.37,84,50,59.52,0,24,4.4,1.0,2,Medium
2022,Q3,Logistics,South,Manager_6,440147.19,193019.78,73096.3,41399.76,247127.41,132631.36,30.13,190394.83,272737.0,82342.17,63,51,80.95,54,18,2.37,0.53,5,High
2022,Q4,HR,West,Manager_15,233593.02,113293.29,71452.38,8438.76,120299.73,40408.59,17.3,120832.81,145209.94,24377.14,65,56,86.15,2,10,4.1,0.78,2,Medium
2023,Q4,Sales,East,Manager_1,298275.17,120959.03,32203.7,17571.55,177316.14,127540.89,42.76,155131.31,138429.45,-16701.86,95,75,78.95,13,10,3.25,0.73,0,Low
2022,Q2,Logistics,South,Manager_9,164249.85,86998.59,70823.04,46864.35,77251.27,-40436.13,-24.62,120436.53,123640.59,3204.05,96,47,48.96,37,10,3.54,0.69,5,High
2023,Q4,Marketing,South,Manager_1,138250.89,90144.62,36297.06,16387.63,48106.27,-4578.42,-3.31,119452.45,129319.8,9867.35,54,49,90.74,49,15,4.71,0.67,4,High
2023,Q1,IT,East,Manager_5,277478.55,143635.48,30780.85,40152.67,133843.06,62909.54,22.67,36947.34,44055.14,7107.8,43,31,72.09,56,4,4.67,0.55,2,Medium
2024,Q4,Sales,South,Manager_4,317772.04,144220.59,55435.23,42130.95,173551.46,75985.28,23.91,81859.37,110137.56,28278.19,18,10,55.56,0,14,4.45,0.69,3,Medium
2023,Q4,IT,West,Manager_13,202672.06,126894.93,32986.69,27295.34,75777.13,15495.1,7.65,70837.56,55539.66,-15297.9,97,63,64.95,37,12,3.53,0.53,2,Medium
2024,Q3,Finance,North,Manager_12,306249.58,194971.38,54114.61,22385.7,111278.21,34777.89,11.36,90331.11,131540.54,41209.43,17,7,41.18,37,14,4.21,0.97,6,High
2023,Q1,Marketing,West,Manager_13,449357.22,203166.1,52688.23,25255.6,246191.12,168247.29,37.44,163701.95,116304.22,-47397.73,16,7,43.75,20,13,3.54,0.74,1,Low
2023,Q4,Marketing,North,Manager_13,300524.71,189708.1,49440.72,15213.41,110816.61,46162.48,15.36,86947.88,88212.49,1264.61,45,38,84.44,47,17,4.61,0.77,2,Medium
2023,Q4,Sales,North,Manager_14,374365.89,256137.16,36629.38,45022.59,118228.73,36576.76,9.77,101305.43,73274.95,-28030.48,27,10,37.04,28,18,3.21,1.04,2,Medium
2024,Q2,Marketing,West,Manager_3,412391.74,185540.52,48394.98,25277.88,226851.22,153178.35,37.14,91528.65,94643.2,3114.55,12,7,58.33,4,19,4.91,0.89,1,Low
2024,Q4,HR,West,Manager_13,494927.95,312445.68,51753.98,44710.67,182482.27,86017.61,17.38,36813.43,42222.83,5409.39,37,26,70.27,48,4,4.8,0.5,2,Medium
2022,Q4,Marketing,West,Manager_6,321438.83,196904.3,48198.08,9756.21,124534.53,66580.24,20.71,99392.99,112804.0,13411.01,79,34,43.04,9,20,4.22,1.07,2,Medium
2024,Q2,IT,West,Manager_2,413082.57,223920.56,41109.36,49472.39,189162.0,98580.26,23.86,55209.67,46419.41,-8790.26,53,52,98.11,27,14,2.84,0.64,1,Low
2024,Q3,IT,East,Manager_3,483192.19,201672.89,11026.69,24947.29,281519.3,245545.32,50.82,53610.19,66952.67,13342.47,30,16,53.33,20,21,2.39,0.56,4,High
2024,Q4,Logistics,South,Manager_5,474984.38,200637.36,51094.32,7152.39,274347.02,216100.32,45.5,36926.5,27254.03,-9672.46,37,21,56.76,49,20,4.56,0.96,4,High
2024,Q2,IT,North,Manager_15,113486.83,74416.08,21791.11,6710.98,39070.75,10568.66,9.31,84200.78,113470.72,29269.94,63,36,57.14,6,19,2.5,0.8,4,High
2022,Q1,Logistics,West,Manager_9,232876.54,162325.31,54980.32,38579.33,70551.23,-23008.42,-9.88,156346.74,235246.77,78900.03,63,33,52.38,2,8,4.56,0.76,5,High
2024,Q3,IT,West,Manager_2,195795.53,118028.61,63154.1,34656.6,77766.91,-20043.79,-10.24,69759.5,68978.44,-781.06,74,29,39.19,44,17,3.47,0.65,5,High
2023,Q1,HR,West,Manager_10,89116.26,47569.14,45031.17,41095.88,41547.11,-44579.93,-50.02,76222.84,86867.62,10644.78,30,25,83.33,46,5,3.22,0.83,4,High
2023,Q1,Logistics,East,Manager_8,334958.35,199056.4,47965.46,9741.54,135901.95,78194.95,23.34,135681.44,138676.43,2995.0,22,21,95.45,19,8,4.71,0.66,0,Low
2024,Q2,Operations,West,Manager_14,381157.08,220430.29,76603.5,6600.69,160726.79,77522.6,20.34,55251.35,38991.09,-16260.26,66,35,53.03,18,5,3.81,1.04,2,Medium
2024,Q4,Finance,West,Manager_2,431657.64,222339.81,69301.72,27886.07,209317.84,112130.05,25.98,181452.43,186531.88,5079.46,58,46,79.31,34,3,3.73,0.63,2,Medium
2023,Q2,Sales,West,Manager_11,105249.6,44171.98,73996.56,22441.79,61077.62,-35360.72,-33.6,113634.29,156015.59,42381.3,63,53,84.13,3,15,3.68,1.03,5,High
2023,Q2,IT,South,Manager_13,444399.83,287284.0,66963.64,25787.61,157115.84,64364.58,14.48,100568.53,121345.03,20776.5,19,17,89.47,4,23,3.11,0.84,2,Medium
2022,Q2,Marketing,East,Manager_5,339316.5,173577.38,17624.28,49621.48,165739.13,98493.36,29.03,120407.63,94648.94,-25758.69,62,40,64.52,0,16,4.36,1.0,1,Low
2023,Q2,IT,West,Manager_7,366775.76,236803.52,20429.43,48683.75,129972.24,60859.06,16.59,49886.18,70841.79,20955.61,53,30,56.6,3,15,2.76,0.93,4,High
2023,Q3,Marketing,North,Manager_8,459780.8,218741.92,46863.67,47404.19,241038.88,146771.02,31.92,130425.16,150174.48,19749.31,56,33,58.93,11,6,4.82,0.92,1,Low
2024,Q4,Finance,North,Manager_1,331142.57,132559.3,27224.88,40272.92,198583.27,131085.48,39.59,85358.13,120821.44,35463.3,62,51,82.26,59,9,4.68,0.69,4,High
2023,Q1,Finance,North,Manager_6,201139.64,90046.49,43368.68,20967.86,111093.14,46756.6,23.25,181493.54,216555.97,35062.43,83,73,87.95,26,24,3.01,0.64,0,Low
2022,Q1,Finance,East,Manager_1,421298.3,227737.78,37605.57,23545.89,193560.52,132409.06,31.43,50393.76,59249.71,8855.96,55,27,49.09,55,12,4.19,0.63,3,Medium
2023,Q4,Marketing,East,Manager_2,213376.65,145798.36,48459.0,29732.72,67578.28,-10613.43,-4.97,111269.2,87843.73,-23425.47,22,13,59.09,41,9,3.72,1.01,6,High
2024,Q1,IT,North,Manager_15,65402.65,28166.18,62281.3,42374.05,37236.47,-67418.88,-103.08,127660.27,107522.6,-20137.67,46,43,93.48,22,23,3.01,0.99,3,Medium
2024,Q4,Finance,West,Manager_1,423794.53,278120.64,60084.36,8092.08,145673.89,77497.45,18.29,26009.05,39695.57,13686.52,33,29,87.88,24,17,4.97,0.76,2,Medium
2023,Q1,HR,East,Manager_11,205336.47,114599.77,46486.39,24093.36,90736.7,20156.95,9.82,85464.76,76423.76,-9041.0,11,10,90.91,20,17,2.08,0.58,1,Low
2024,Q2,Logistics,North,Manager_5,398225.54,257961.04,67567.54,8717.79,140264.5,63979.17,16.07,151874.34,232494.45,80620.11,95,80,84.21,57,6,2.76,0.73,5,High
2022,Q1,Marketing,North,Manager_10,213241.05,104384.12,40160.35,28159.59,108856.93,40536.99,19.01,167667.95,193174.57,25506.62,90,57,63.33,51,8,3.56,0.87,2,Medium
2022,Q4,Marketing,West,Manager_15,437480.61,285230.42,72770.0,45450.54,152250.19,34029.65,7.78,76369.16,62272.99,-14096.17,23,17,73.91,23,22,3.57,0.77,0,Low
2023,Q4,IT,South,Manager_9,148779.74,94006.01,14989.62,40211.82,54773.73,-427.71,-0.29,163746.79,128444.11,-35302.68,19,15,78.95,24,7,3.77,0.97,3,Medium
2023,Q4,Marketing,East,Manager_6,488546.27,229136.07,76826.2,15252.91,259410.2,167331.09,34.25,194196.06,170413.73,-23782.33,44,19,43.18,44,22,4.26,1.1,4,High
2023,Q4,Marketing,West,Manager_11,400891.45,176151.92,55828.52,48919.59,224739.53,119991.43,29.93,174237.31,259054.59,84817.28,34,24,70.59,54,14,3.87,0.61,4,High
2024,Q4,Finance,North,Manager_11,101407.07,66970.88,36605.22,35030.77,34436.19,-37199.8,-36.68,41175.92,43318.21,2142.29,12,9,75.0,45,3,3.8,0.78,4,High
2022,Q3,IT,North,Manager_1,304599.48,209860.21,23800.79,5469.25,94739.27,65469.24,21.49,153151.46,158683.16,5531.7,26,13,50.0,31,10,2.16,0.76,4,High
2022,Q3,Finance,West,Manager_13,493415.29,201999.63,43542.83,16493.61,291415.66,231379.23,46.89,77540.03,74921.14,-2618.89,21,18,85.71,54,3,3.13,0.68,2,Medium
2024,Q1,Logistics,East,Manager_1,261979.45,162265.1,23619.08,16732.1,99714.35,59363.17,22.66,197914.88,163280.28,-34634.59,63,47,74.6,31,7,2.7,0.62,3,Medium
2022,Q4,Logistics,South,Manager_2,131948.21,88782.33,21643.21,8116.44,43165.89,13406.23,10.16,107364.62,119676.5,12311.88,33,32,96.97,4,24,2.8,0.54,1,Low
2023,Q1,Finance,South,Manager_9,268150.27,176230.51,53214.62,48192.19,91919.76,-9487.06,-3.54,42038.1,34073.59,-7964.51,38,16,42.11,35,8,3.66,1.03,6,High
2023,Q4,Logistics,North,Manager_3,280605.95,193437.43,46615.93,26521.49,87168.51,14031.09,5.0,150533.4,212275.91,61742.51,52,29,55.77,45,23,2.6,0.75,6,High
2023,Q4,IT,East,Manager_15,383759.12,241011.56,56906.72,45311.66,142747.56,40529.18,10.56,78142.02,79301.44,1159.43,34,25,73.53,41,5,2.88,0.8,3,Medium
2022,Q3,Sales,South,Manager_1,364480.63,194155.05,75072.41,19499.7,170325.58,75753.47,20.78,199474.07,203180.9,3706.83,69,39,56.52,48,17,2.71,1.05,5,High
2023,Q3,Finance,East,Manager_5,231147.52,114091.09,47258.21,10635.51,117056.43,59162.71,25.6,196360.84,216567.45,20206.6,99,82,82.83,41,7,4.85,0.97,3,Medium
2024,Q2,HR,East,Manager_7,148110.4,73495.76,50665.24,26345.12,74614.64,-2395.73,-1.62,138104.12,148808.37,10704.25,74,63,85.14,57,16,4.83,0.58,4,High
2024,Q3,HR,North,Manager_6,340274.38,210060.49,16273.84,10128.05,130213.88,103811.99,30.51,43368.76,67032.03,23663.27,93,42,45.16,38,20,3.83,0.84,5,High
2022,Q2,Marketing,South,Manager_12,239766.77,149554.79,60234.51,26870.7,90211.98,3106.78,1.3,143634.98,167129.92,23494.94,37,26,70.27,15,18,4.77,0.77,0,Low
2024,Q2,Logistics,West,Manager_1,109524.3,50392.98,37993.36,46413.37,59131.32,-25275.42,-23.08,36745.49,28476.7,-8268.78,25,17,68.0,32,8,4.36,0.98,5,High
2024,Q2,HR,North,Manager_5,455257.54,300668.85,78370.77,28434.57,154588.69,47783.35,10.5,25285.55,30743.33,5457.78,56,34,60.71,48,16,3.77,0.93,4,High
2022,Q2,Marketing,South,Manager_15,361049.84,221856.9,67622.18,32742.49,139192.94,38828.27,10.75,168132.52,139356.08,-28776.44,90,86,95.56,20,10,2.02,0.91,1,Low
2023,Q2,Sales,South,Manager_5,357432.74,203316.71,46573.67,12048.73,154116.03,95493.63,26.72,57755.53,41947.67,-15807.86,67,60,89.55,8,9,4.32,0.7,0,Low
2023,Q1,IT,South,Manager_6,420162.74,227501.21,18625.59,6968.1,192661.53,167067.85,39.76,88224.88,134554.49,46329.61,85,69,81.18,5,10,4.11,0.98,3,Medium
2023,Q3,IT,South,Manager_3,288347.76,162331.09,70159.11,9986.36,126016.67,45871.2,15.91,195222.33,265015.89,69793.56,36,29,80.56,50,15,3.85,0.53,4,High
2022,Q2,IT,South,Manager_5,416774.49,186620.67,65984.68,31933.92,230153.83,132235.23,31.73,80631.29,123615.24,42983.95,62,41,66.13,44,8,4.28,0.6,4,High
2024,Q4,HR,East,Manager_7,274140.84,126409.19,22920.96,9275.53,147731.65,115535.17,42.14,73368.16,81159.62,7791.46,51,48,94.12,34,20,3.54,0.7,2,Medium
2023,Q3,Sales,North,Manager_5,80228.93,34285.78,30669.48,21919.68,45943.15,-6646.01,-8.28,185277.44,213517.22,28239.78,68,55,80.88,38,4,4.11,0.55,4,High
2023,Q3,HR,East,Manager_5,232361.64,103655.93,65538.51,29754.14,128705.71,33413.07,14.38,39934.72,33668.42,-6266.3,56,46,82.14,21,10,4.81,0.64,0,Low
2022,Q2,Logistics,West,Manager_5,273859.2,146818.13,22965.99,22489.38,127041.07,81585.7,29.79,156724.83,142599.43,-14125.4,43,39,90.7,40,13,3.13,1.0,3,Medium
2023,Q1,HR,South,Manager_10,374091.16,209156.73,74242.67,12365.77,164934.43,78325.98,20.94,197851.8,279518.46,81666.66,46,25,54.35,53,3,4.12,1.07,6,High
2022,Q2,Sales,North,Manager_10,97960.43,39709.1,39716.92,17320.61,58251.33,1213.8,1.24,182233.28,182735.84,502.56,15,13,86.67,4,24,3.43,0.68,0,Low
2024,Q1,Sales,South,Manager_3,113008.34,72216.78,16092.73,46774.29,40791.56,-22075.45,-19.53,137300.23,192603.76,55303.53,16,8,50.0,41,8,4.02,0.66,7,High
2022,Q4,Logistics,North,Manager_1,168657.71,82347.19,67102.41,35419.2,86310.52,-16211.09,-9.61,76530.94,99693.93,23162.98,34,20,58.82,22,18,4.29,0.67,5,High
2022,Q3,Sales,East,Manager_5,169924.28,114452.63,36145.68,27322.15,55471.64,-7996.19,-4.71,65777.96,55950.42,-9827.54,42,25,59.52,16,22,2.14,0.67,4,High
2022,Q4,Sales,North,Manager_14,379483.06,261939.46,46854.94,5572.17,117543.6,65116.48,17.16,167465.92,189459.12,21993.2,64,63,98.44,11,14,3.94,0.52,0,Low
2022,Q1,IT,West,Manager_9,162828.8,74190.93,17861.3,49658.69,88637.86,21117.87,12.97,178367.94,227558.12,49190.17,67,61,91.04,22,13,2.68,1.06,4,High
2024,Q1,Logistics,West,Manager_14,334894.13,180383.75,10180.88,35215.47,154510.38,109114.02,32.58,114578.28,103095.44,-11482.85,16,13,81.25,15,12,4.01,0.63,0,Low
2024,Q4,Operations,North,Manager_1,272423.23,109069.97,54658.96,19261.51,163353.27,89432.79,32.83,63981.19,89963.01,25981.82,66,55,83.33,2,5,3.4,0.75,2,Medium
2023,Q1,Operations,North,Manager_3,307982.47,178475.28,46062.26,44567.09,129507.19,38877.84,12.62,40329.78,46907.71,6577.93,21,15,71.43,29,15,4.32,0.51,0,Low
2024,Q4,Sales,North,Manager_13,427148.13,248682.2,51547.7,16629.42,178465.94,110288.81,25.82,35692.3,29997.8,-5694.5,25,24,96.0,56,5,2.37,1.01,4,High
2024,Q3,Operations,North,Manager_13,231971.68,110015.35,65562.07,29480.75,121956.33,26913.51,11.6,149433.94,178653.77,29219.83,89,62,69.66,21,17,3.88,0.94,0,Low
2023,Q4,Operations,West,Manager_4,396910.12,225255.94,55262.41,33623.18,171654.18,82768.58,20.85,95621.37,148189.86,52568.49,52,32,61.54,8,18,2.84,1.07,4,High
2024,Q3,Sales,South,Manager_14,239916.23,112199.71,22234.14,14947.85,127716.51,90534.52,37.74,182964.78,151484.46,-31480.32,86,42,48.84,28,15,4.56,0.97,2,Medium
2022,Q4,Operations,North,Manager_1,209242.12,93792.29,35254.08,49027.88,115449.83,31167.88,14.9,153140.83,213515.6,60374.76,16,13,81.25,46,19,4.79,0.69,4,High
2022,Q1,HR,North,Manager_1,481382.23,286641.86,73412.38,38668.64,194740.37,82659.36,17.17,54426.88,47689.52,-6737.36,60,50,83.33,36,5,4.99,0.65,2,Medium
2023,Q4,Marketing,West,Manager_8,132966.91,66187.96,63896.13,30101.6,66778.96,-27218.77,-20.47,130479.94,178109.04,47629.1,82,51,62.2,22,22,4.39,0.92,4,High
2023,Q1,Logistics,West,Manager_2,90651.63,52313.17,48964.59,13126.76,38338.46,-23752.89,-26.2,98390.98,130308.15,31917.17,41,17,41.46,12,13,4.26,0.72,5,High
2023,Q4,Marketing,East,Manager_12,396943.67,210369.83,27895.15,7423.62,186573.83,151255.06,38.1,123904.95,118380.77,-5524.18,84,75,89.29,31,23,2.65,0.84,3,Medium
2022,Q4,Sales,North,Manager_15,80712.37,56119.75,31144.24,19402.69,24592.62,-25954.31,-32.16,152852.44,149329.14,-3523.3,17,6,35.29,45,21,3.01,0.5,5,High
2024,Q2,IT,East,Manager_8,426685.55,189821.39,61237.06,38893.43,236864.16,136733.66,32.05,165115.26,226809.45,61694.19,96,78,81.25,51,24,3.4,0.54,4,High
2022,Q1,Logistics,West,Manager_7,246737.03,133084.91,69582.2,17119.91,113652.11,26950.01,10.92,171872.72,187724.31,15851.59,98,96,97.96,46,13,4.32,0.82,2,Medium
2023,Q2,Sales,West,Manager_10,461981.15,279099.9,56999.73,29280.03,182881.25,96601.49,20.91,65715.48,86822.98,21107.5,81,53,65.43,47,18,4.74,0.84,4,High
2024,Q1,IT,South,Manager_10,374689.79,194337.93,66667.1,37757.62,180351.86,75927.14,20.26,25600.81,21140.8,-4460.01,54,29,53.7,22,23,2.57,0.95,3,Medium
2024,Q2,Marketing,North,Manager_2,324682.1,224813.12,63665.93,9857.47,99868.98,26345.58,8.11,153073.05,218079.22,65006.16,95,78,82.11,44,5,4.77,0.58,4,High
2022,Q3,Sales,East,Manager_6,477188.06,294218.07,20479.28,35838.41,182969.99,126652.3,26.54,39141.87,51050.86,11908.99,68,60,88.24,16,24,4.09,0.81,2,Medium
2023,Q4,Logistics,West,Manager_6,228492.22,136431.6,39676.14,9134.19,92060.62,43250.29,18.93,76685.53,112796.85,36111.32,13,9,69.23,54,8,3.83,0.62,4,High
2022,Q1,Logistics,West,Manager_3,479339.12,300602.09,20708.87,48430.84,178737.04,109597.33,22.86,20687.08,16808.6,-3878.49,76,74,97.37,39,16,2.6,0.56,3,Medium
2024,Q1,Finance,East,Manager_11,110750.57,75952.15,26466.49,26977.74,34798.43,-18645.8,-16.84,142700.51,171820.3,29119.8,38,16,42.11,20,20,2.17,0.75,6,High
2022,Q4,HR,South,Manager_2,267689.72,179980.01,70848.17,11780.42,87709.72,5081.12,1.9,50083.76,60563.91,10480.15,38,26,68.42,1,19,3.71,0.6,2,Medium
2022,Q1,Operations,West,Manager_12,171460.05,105839.82,43102.44,20407.26,65620.23,2110.53,1.23,137950.83,138011.76,60.92,37,30,81.08,36,6,3.95,0.63,2,Medium
2023,Q1,IT,North,Manager_1,292929.25,183007.11,47475.07,23603.74,109922.14,38843.34,13.26,198513.67,216319.64,17805.97,86,78,90.7,5,17,2.63,0.69,1,Low
2023,Q2,Finance,West,Manager_6,122906.25,54542.92,22491.22,39118.33,68363.33,6753.78,5.5,33080.76,24224.52,-8856.24,88,44,50.0,43,13,3.67,0.66,3,Medium
2024,Q1,Operations,North,Manager_12,428688.35,184695.11,31859.03,38454.07,243993.24,173680.14,40.51,33874.04,45187.33,11313.29,96,84,87.5,17,5,4.57,0.55,2,Medium
2022,Q3,Operations,East,Manager_5,430883.53,246151.42,26117.23,32537.32,184732.11,126077.56,29.26,81268.42,94834.07,13565.66,53,38,71.7,29,5,4.51,0.55,0,Low
2022,Q3,Sales,North,Manager_14,479856.34,194586.68,24433.03,9766.88,285269.66,251069.74,52.32,175949.57,131800.29,-44149.29,99,63,63.64,21,18,4.78,0.62,0,Low
2022,Q4,Operations,East,Manager_14,119602.46,65148.29,54657.26,11820.62,54454.17,-12023.7,-10.05,58795.38,75178.27,16382.89,13,6,46.15,53,7,3.1,0.53,7,High
2024,Q1,HR,North,Manager_11,330499.65,153056.0,27981.87,9219.06,177443.65,140242.72,42.43,84868.01,93080.24,8212.23,99,90,90.91,32,23,2.95,0.88,3,Medium
2024,Q4,Logistics,East,Manager_9,263406.79,132705.65,54241.08,30972.78,130701.14,45487.28,17.27,32330.97,23578.72,-8752.25,18,8,44.44,29,12,4.25,0.67,1,Low
2023,Q3,Finance,North,Manager_1,204972.68,129694.7,14091.82,44471.23,75277.98,16714.92,8.15,157367.95,239854.97,82487.02,14,8,57.14,16,21,3.29,0.67,3,Medium
2023,Q1,Operations,South,Manager_15,208193.07,142064.97,19924.21,24521.02,66128.11,21682.87,10.41,93495.14,140873.37,47378.23,65,37,56.92,42,6,2.26,0.7,6,High
2023,Q1,Sales,North,Manager_15,235757.1,99424.63,29217.82,12238.17,136332.46,94876.48,40.24,156664.77,177966.02,21301.25,93,85,91.4,31,21,2.85,0.9,3,Medium
2022,Q4,HR,North,Manager_7,367216.5,205741.36,51793.28,30111.9,161475.13,79569.94,21.67,182649.41,142397.42,-40251.99,59,47,79.66,41,13,3.26,1.02,3,Medium
2022,Q3,Marketing,South,Manager_15,319228.73,212210.5,57308.89,41528.85,107018.22,8180.49,2.56,61897.37,83030.86,21133.5,84,73,86.9,50,4,2.88,0.96,6,High
2023,Q1,Logistics,West,Manager_5,256856.68,109100.53,40990.19,38377.04,147756.15,68388.92,26.63,165331.29,184863.76,19532.48,24,13,54.17,13,12,3.0,0.94,2,Medium
2022,Q4,Logistics,West,Manager_5,84170.03,54487.83,41205.36,44665.29,29682.21,-56188.44,-66.76,30636.9,29321.98,-1314.92,41,31,75.61,57,13,2.88,0.79,5,High
2023,Q3,Finance,North,Manager_14,84994.4,43121.1,60716.18,17505.59,41873.31,-36348.46,-42.77,181792.53,203190.5,21397.97,37,27,72.97,9,22,2.12,0.92,3,Medium
2024,Q4,Logistics,South,Manager_2,51052.73,25354.23,11107.48,13727.92,25698.49,863.09,1.69,137138.34,156896.89,19758.55,31,27,87.1,46,18,3.91,0.83,2,Medium
2023,Q2,Operations,North,Manager_11,485464.72,336543.52,33876.3,44591.74,148921.2,70453.16,14.51,177360.81,208985.12,31624.31,26,24,92.31,59,21,3.79,0.63,2,Medium
2024,Q1,Sales,East,Manager_3,52364.22,24101.04,67309.49,34590.21,28263.18,-73636.53,-140.62,20033.91,21537.26,1503.35,68,27,39.71,50,13,3.96,0.63,5,High
2022,Q2,Logistics,East,Manager_7,96392.19,58602.42,52225.36,18991.8,37789.77,-33427.39,-34.68,50434.59,61272.58,10837.99,99,79,79.8,35,16,2.58,0.68,7,High
2023,Q3,Logistics,North,Manager_6,191568.45,123836.02,33605.9,38405.66,67732.43,-4279.13,-2.23,90156.69,133515.25,43358.56,80,34,42.5,33,4,2.89,1.05,9,High
2022,Q2,Marketing,West,Manager_12,413343.61,170444.33,73386.74,41680.33,242899.29,127832.22,30.93,88310.52,89010.64,700.11,66,48,72.73,8,7,3.86,0.83,0,Low
2024,Q2,Marketing,West,Manager_2,482944.45,290305.46,64083.59,32674.02,192638.99,95881.38,19.85,60811.47,80080.13,19268.66,35,20,57.14,41,7,3.8,0.94,5,High
2024,Q3,IT,North,Manager_6,405506.1,277960.24,28542.68,35954.78,127545.86,63048.4,15.55,88690.15,129512.87,40822.72,34,19,55.88,27,21,3.52,0.71,3,Medium
2024,Q4,HR,North,Manager_2,360752.1,157744.63,55170.29,21886.7,203007.48,125950.49,34.91,43192.77,46975.69,3782.93,19,11,57.89,10,23,3.05,0.74,1,Low
2022,Q2,Operations,East,Manager_2,284585.3,190349.54,51702.55,29241.31,94235.76,13291.9,4.67,94297.0,101551.98,7254.97,54,41,75.93,13,14,4.74,0.58,0,Low
2022,Q4,Logistics,West,Manager_2,89017.35,51490.57,38083.15,28587.16,37526.78,-29143.54,-32.74,164423.78,199248.64,34824.86,92,55,59.78,38,20,3.02,0.6,7,High
2022,Q2,Logistics,North,Manager_14,481176.86,281479.5,35686.93,43162.15,199697.36,120848.28,25.12,106232.61,127765.51,21532.9,20,16,80.0,54,6,3.37,1.0,5,High
2022,Q4,Sales,East,Manager_15,391276.59,228459.85,34049.23,42798.38,162816.74,85969.13,21.97,23240.02,32201.39,8961.37,86,55,63.95,46,24,4.03,0.85,4,High
2024,Q3,IT,West,Manager_11,337527.22,165270.46,53200.9,42470.62,172256.76,76585.23,22.69,95859.93,105926.26,10066.33,62,27,43.55,53,19,3.63,0.7,3,Medium
2024,Q2,HR,South,Manager_3,391566.13,266484.46,40968.7,5496.42,125081.67,78616.55,20.08,24891.5,38499.8,13608.3,81,70,86.42,18,12,3.04,0.98,3,Medium
2023,Q3,IT,East,Manager_15,375846.5,257156.11,68230.42,38729.55,118690.39,11730.43,3.12,193923.81,145549.68,-48374.13,77,44,57.14,53,22,3.31,0.65,3,Medium
2023,Q2,Finance,West,Manager_2,336754.21,197873.88,56872.18,39140.44,138880.33,42867.71,12.73,42941.71,30174.83,-12766.89,37,24,64.86,14,8,4.38,1.09,1,Low
2022,Q3,HR,West,Manager_4,491259.56,311963.0,14895.21,35527.05,179296.56,128874.31,26.23,147383.9,183370.41,35986.52,84,68,80.95,27,16,2.83,0.71,3,Medium
2024,Q3,Logistics,East,Manager_9,456513.72,266456.74,54811.78,39031.91,190056.98,96213.29,21.08,195099.74,186060.7,-9039.03,74,44,59.46,23,13,2.43,0.7,2,Medium
2024,Q2,Logistics,South,Manager_6,340999.21,185953.53,28980.32,42888.67,155045.68,83176.69,24.39,168687.03,152547.9,-16139.13,58,25,43.1,7,13,2.94,0.69,2,Medium
2024,Q2,HR,East,Manager_1,361928.85,216522.5,51496.84,26164.36,145406.35,67745.15,18.72,145876.77,140787.74,-5089.03,56,34,60.71,42,20,4.55,0.57,2,Medium
2023,Q2,Logistics,West,Manager_8,73218.11,41434.16,57609.24,27592.26,31783.95,-53417.54,-72.96,171102.96,157011.0,-14091.97,61,58,95.08,8,24,2.27,0.57,3,Medium
2023,Q1,Operations,North,Manager_15,351462.86,203582.32,26158.04,10612.13,147880.54,111110.37,31.61,196723.76,142855.2,-53868.57,97,76,78.35,46,20,4.98,0.89,2,Medium
2024,Q4,HR,North,Manager_12,69874.45,44380.74,41980.11,22341.91,25493.71,-38828.31,-55.57,131842.01,201164.94,69322.94,63,50,79.37,32,13,3.62,1.03,7,High
2024,Q1,IT,East,Manager_14,314718.69,171292.3,23322.74,33951.43,143426.39,86152.21,27.37,120653.27,107095.9,-13557.37,69,53,76.81,32,23,4.95,0.97,3,Medium
2024,Q1,HR,West,Manager_7,499709.07,205993.19,13663.72,40117.99,293715.89,239934.17,48.01,133082.86,176191.76,43108.91,66,34,51.52,18,14,4.82,0.58,3,Medium
2023,Q3,Logistics,North,Manager_10,300112.96,134810.7,36493.35,14774.41,165302.27,114034.51,38.0,115881.66,156232.46,40350.8,56,36,64.29,2,7,3.36,0.83,2,Medium
2024,Q2,Operations,West,Manager_3,262944.55,139776.63,35406.1,11202.03,123167.92,76559.79,29.12,134316.04,200113.27,65797.24,40,34,85.0,9,11,2.6,0.56,3,Medium
2024,Q4,Operations,East,Manager_1,190784.69,117799.62,79683.63,34836.89,72985.07,-41535.46,-21.77,100971.6,73302.05,-27669.55,55,25,45.45,39,11,2.49,0.53,6,High
2022,Q3,Finance,North,Manager_5,104235.16,60246.21,41244.66,5084.59,43988.95,-2340.31,-2.25,59319.77,85494.09,26174.32,35,19,54.29,46,24,2.72,0.89,8,High
2022,Q1,IT,West,Manager_13,378960.65,225515.03,33349.87,13026.77,153445.62,107068.98,28.25,41644.5,47813.81,6169.31,14,7,50.0,41,12,4.13,0.82,3,Medium
2023,Q2,Marketing,North,Manager_4,136669.56,74318.68,50633.25,6308.21,62350.89,5409.42,3.96,32301.37,39978.19,7676.82,93,61,65.59,0,24,2.82,0.55,3,Medium
2024,Q3,Marketing,East,Manager_10,101876.91,59569.73,16213.72,12509.83,42307.18,13583.63,13.33,67396.84,84097.76,16700.92,61,60,98.36,28,21,3.02,0.52,2,Medium
2024,Q2,HR,West,Manager_8,239793.2,119586.12,77316.6,13159.37,120207.08,29731.11,12.4,28302.24,39533.37,11231.13,84,37,44.05,49,3,3.35,1.09,6,High
2022,Q3,Finance,North,Manager_1,407903.83,220698.31,54447.2,22445.31,187205.51,110313.0,27.04,122090.74,120063.57,-2027.17,63,44,69.84,33,9,4.74,0.52,2,Medium
2023,Q2,Sales,East,Manager_10,385279.05,240138.16,62838.65,23104.72,145140.89,59197.52,15.36,71089.12,94057.55,22968.43,42,21,50.0,50,6,2.57,0.77,6,High
2022,Q1,HR,North,Manager_1,74697.18,49415.9,21933.46,44341.81,25281.27,-40994.0,-54.88,168416.27,193559.36,25143.1,59,57,96.61,12,3,2.02,0.8,3,Medium
2022,Q4,Finance,North,Manager_12,254814.66,135076.38,38663.45,27954.94,119738.27,53119.89,20.85,33363.36,45854.09,12490.74,47,21,44.68,53,17,2.18,0.57,6,High
2022,Q1,IT,South,Manager_4,285095.56,117772.55,39588.24,37553.21,167323.01,90181.56,31.63,60743.27,93663.94,32920.67,36,23,63.89,0,10,4.71,0.6,2,Medium
2022,Q4,IT,South,Manager_8,340045.99,152511.23,67526.45,9686.18,187534.77,110322.13,32.44,151444.31,131840.35,-19603.96,24,20,83.33,33,14,3.94,0.71,2,Medium
2024,Q2,IT,East,Manager_5,342575.31,139174.08,10086.57,15144.74,203401.23,178169.92,52.01,127785.49,197486.26,69700.77,70,57,81.43,28,24,2.82,0.96,4,High
2024,Q3,IT,South,Manager_2,214113.76,127607.29,31059.72,36632.45,86506.48,18814.3,8.79,31608.43,24538.9,-7069.53,30,19,63.33,47,24,2.53,0.8,3,Medium
2022,Q1,IT,East,Manager_6,302304.74,151059.98,78686.55,7376.18,151244.76,65182.03,21.56,177903.1,124882.63,-53020.48,55,33,60.0,46,20,2.88,0.88,3,Medium
2023,Q4,Finance,South,Manager_5,266477.85,149958.7,43242.06,26896.89,116519.15,46380.19,17.4,177907.12,131213.2,-46693.92,78,49,62.82,12,17,2.34,1.09,2,Medium
2023,Q1,Finance,North,Manager_2,448249.26,245633.0,36776.84,31971.6,202616.26,133867.82,29.86,79473.44,78719.64,-753.8,15,8,53.33,47,19,4.82,0.96,4,High
2023,Q4,Operations,East,Manager_13,288619.31,122506.76,18388.03,32096.55,166112.55,115627.97,40.06,81273.05,100613.63,19340.58,47,24,51.06,48,16,4.35,0.76,5,High
2023,Q1,Marketing,East,Manager_14,248464.47,129444.63,78191.52,6031.98,119019.85,34796.35,14.0,198025.1,150236.72,-47788.39,71,48,67.61,52,16,3.39,0.77,2,Medium
2022,Q4,Logistics,North,Manager_11,232018.45,108159.66,11401.84,19494.86,123858.8,92962.09,40.07,132711.71,93537.33,-39174.38,95,53,55.79,28,20,4.59,0.87,1,Low
2024,Q4,IT,East,Manager_11,307592.49,161645.99,61602.62,33642.08,145946.5,50701.81,16.48,115636.97,173053.9,57416.92,71,40,56.34,38,22,2.75,0.9,6,High
2023,Q2,Sales,East,Manager_11,411789.64,189865.28,63801.99,11704.99,221924.36,146417.38,35.56,170867.39,238981.57,68114.17,91,72,79.12,23,20,4.15,0.8,2,Medium
2022,Q4,Logistics,South,Manager_3,292280.67,190606.67,27055.97,36293.7,101674.0,38324.33,13.11,71352.26,99023.07,27670.81,87,85,97.7,25,18,4.57,0.89,2,Medium
2023,Q2,Finance,East,Manager_15,347744.83,157270.38,57009.09,38566.63,190474.45,94898.72,27.29,97252.87,141187.88,43935.02,83,63,75.9,16,3,3.07,0.51,2,Medium
2023,Q4,Sales,West,Manager_9,382035.1,262929.6,16505.04,49188.61,119105.49,53411.84,13.98,68199.8,88320.73,20120.93,55,24,43.64,6,13,4.27,0.76,3,Medium
2022,Q3,Sales,North,Manager_7,284075.65,149075.01,27993.31,14442.89,135000.64,92564.44,32.58,162048.95,127815.06,-34233.89,22,9,40.91,12,17,2.89,0.67,2,Medium
2024,Q3,Sales,South,Manager_7,242067.68,158281.66,65153.14,42130.88,83786.02,-23498.0,-9.71,123202.88,128036.77,4833.88,12,11,91.67,4,14,2.9,0.58,3,Medium
2024,Q3,Operations,South,Manager_15,444499.42,261645.45,70528.03,28413.35,182853.97,83912.59,18.88,138588.51,182199.14,43610.63,15,8,53.33,25,10,2.32,0.56,4,High
2022,Q4,Finance,West,Manager_11,237877.74,147628.13,52594.05,21805.82,90249.6,15849.74,6.66,65415.3,61378.15,-4037.15,17,7,41.18,48,24,3.32,0.86,3,Medium
2024,Q2,Sales,North,Manager_6,257874.28,162542.59,45478.69,10506.95,95331.7,39346.05,15.26,59640.55,76596.09,16955.54,53,40,75.47,2,22,4.19,0.81,2,Medium
2022,Q2,IT,North,Manager_8,495653.59,273329.89,21151.28,38097.75,222323.7,163074.67,32.9,107907.43,77782.23,-30125.2,42,32,76.19,6,8,4.82,0.65,0,Low
2022,Q4,HR,South,Manager_4,50106.89,28209.68,14417.63,15613.59,21897.2,-8134.02,-16.23,152761.83,146684.47,-6077.36,90,71,78.89,57,5,3.81,0.78,4,High
2022,Q3,Sales,East,Manager_8,133462.81,73964.92,18235.43,21713.99,59497.89,19548.46,14.65,114543.16,133644.46,19101.31,84,47,55.95,48,15,4.59,0.8,3,Medium
2024,Q3,Operations,South,Manager_4,222783.75,128416.46,25915.01,7814.4,94367.29,60637.88,27.22,25876.22,32016.04,6139.82,86,35,40.7,38,15,4.47,0.62,5,High
2022,Q2,Logistics,North,Manager_8,469665.46,192007.85,33917.22,41061.51,277657.61,202678.88,43.15,176339.27,209929.18,33589.91,59,57,96.61,52,4,2.52,0.89,3,Medium
2023,Q3,Finance,West,Manager_9,81513.37,42277.28,36663.67,39496.48,39236.09,-36924.06,-45.3,31643.64,40918.17,9274.52,20,11,55.0,0,7,3.46,0.97,6,High
2024,Q1,Operations,South,Manager_3,54268.45,31576.45,34242.52,38012.71,22691.99,-49563.24,-91.33,192048.41,135427.82,-56620.59,37,29,78.38,48,19,2.35,0.97,6,High
2024,Q2,Sales,North,Manager_3,73707.73,42700.14,26733.87,18474.96,31007.58,-14201.25,-19.27,24525.55,19272.18,-5253.37,79,65,82.28,16,8,4.05,0.86,2,Medium
2024,Q3,Finance,South,Manager_11,89844.53,57310.65,45680.7,12806.6,32533.89,-25953.41,-28.89,145001.08,208598.94,63597.85,50,38,76.0,42,4,4.85,0.81,6,High
2024,Q2,HR,East,Manager_13,66918.55,39917.1,67770.03,33689.9,27001.45,-74458.48,-111.27,34797.27,44522.63,9725.36,25,14,56.0,24,6,2.41,0.54,6,High
2023,Q1,Sales,South,Manager_2,265901.6,185503.59,29579.25,27327.49,80398.01,23491.27,8.83,183921.78,146400.25,-37521.53,77,43,55.84,58,24,4.2,0.67,3,Medium
2024,Q2,Operations,South,Manager_13,311340.74,151048.94,75967.09,13021.36,160291.8,71303.35,22.9,103597.98,146670.22,43072.24,57,43,75.44,2,13,3.9,0.56,2,Medium
2024,Q2,Marketing,North,Manager_10,172259.14,87463.77,71133.57,35866.01,84795.37,-22204.21,-12.89,44754.28,40542.75,-4211.53,65,59,90.77,14,10,3.75,1.08,3,Medium
2022,Q2,IT,North,Manager_3,229229.32,118088.44,21323.49,49600.69,111140.89,40216.7,17.54,81346.83,90011.96,8665.14,73,70,95.89,28,14,3.17,0.58,0,Low
2024,Q2,Logistics,North,Manager_3,91264.7,49259.56,65039.32,38624.88,42005.14,-61659.06,-67.56,49668.44,40897.84,-8770.6,68,31,45.59,52,10,3.07,0.59,5,High
2023,Q1,Operations,South,Manager_5,201366.71,131049.34,50221.12,38299.39,70317.37,-18203.13,-9.04,50704.74,66098.38,15393.63,99,48,48.48,42,13,2.14,1.03,9,High
2023,Q4,Finance,East,Manager_5,285133.64,134223.13,49660.28,47764.07,150910.5,53486.16,18.76,190659.5,241532.46,50872.96,71,68,95.77,31,24,2.65,1.07,6,High
2023,Q2,Sales,West,Manager_2,379522.31,240161.74,37372.99,14132.14,139360.57,87855.44,23.15,100144.3,88071.46,-12072.84,85,71,83.53,25,22,2.05,0.96,2,Medium
2023,Q2,IT,West,Manager_12,51505.86,26865.1,45080.71,30449.75,24640.76,-50889.7,-98.8,161984.41,232267.93,70283.52,20,18,90.0,59,10,3.74,0.5,6,High
2024,Q3,Sales,North,Manager_10,260289.84,151112.99,37802.51,49084.1,109176.85,22290.24,8.56,135129.0,140684.17,5555.17,98,51,52.04,15,10,2.32,0.5,2,Medium
2024,Q2,Finance,North,Manager_13,183651.29,108310.58,47781.28,12438.23,75340.71,15121.19,8.23,141756.75,134475.81,-7280.93,27,20,74.07,24,19,4.62,0.73,0,Low
2023,Q3,Sales,South,Manager_6,433769.82,222027.07,53956.5,36511.34,211742.75,121274.9,27.96,43704.82,36252.28,-7452.54,28,22,78.57,53,22,3.57,0.59,2,Medium
2023,Q4,Marketing,West,Manager_5,371998.99,206007.3,57201.27,31361.46,165991.69,77428.97,20.81,62153.2,57568.96,-4584.25,96,77,80.21,27,22,4.1,0.51,0,Low
2024,Q1,IT,North,Manager_6,315098.84,165083.23,47273.68,31391.56,150015.61,71350.37,22.64,161615.06,116156.44,-45458.62,64,41,64.06,8,18,3.23,0.78,0,Low
2023,Q1,IT,East,Manager_1,174769.54,73532.51,60499.54,36395.18,101237.03,4342.31,2.48,194737.92,232861.54,38123.62,91,37,40.66,55,16,3.68,1.07,4,High
2022,Q4,Finance,East,Manager_5,459652.6,244144.3,19889.46,46832.76,215508.3,148786.07,32.37,67281.62,95263.78,27982.16,35,26,74.29,55,13,4.83,0.69,4,High
2023,Q1,Logistics,North,Manager_9,70295.3,30172.01,24838.77,40216.19,40123.29,-24931.67,-35.47,68882.38,80360.48,11478.1,15,8,53.33,0,9,2.25,0.9,4,High
2023,Q4,Marketing,North,Manager_12,99260.42,51764.93,67311.45,7526.12,47495.49,-27342.08,-27.55,105121.48,93177.88,-11943.6,13,8,61.54,28,18,2.76,0.89,3,Medium
2022,Q4,Operations,West,Manager_10,226233.56,130734.84,32576.96,43372.76,95498.73,19549.01,8.64,197091.26,143604.39,-53486.86,38,37,97.37,56,15,4.34,0.65,2,Medium
2022,Q4,Sales,West,Manager_14,105996.9,60823.62,11602.57,15149.36,45173.29,18421.36,17.38,68412.61,60369.6,-8043.01,68,43,63.24,21,17,2.3,0.89,1,Low
2024,Q1,HR,South,Manager_2,480387.06,287649.23,20765.38,21961.14,192737.83,150011.31,31.23,93254.94,98263.03,5008.09,26,23,88.46,15,18,2.23,0.63,1,Low
2024,Q3,Sales,West,Manager_1,409095.19,175329.39,25653.01,25777.98,233765.81,182334.82,44.57,180466.4,242848.17,62381.77,52,26,50.0,40,23,3.08,0.57,5,High
2022,Q4,Sales,East,Manager_14,166542.19,99198.69,77012.6,26640.77,67343.51,-36309.87,-21.8,20525.79,17645.33,-2880.46,89,71,79.78,50,11,2.28,0.92,5,High
2022,Q2,Operations,East,Manager_10,314849.4,155423.65,50112.9,24583.12,159425.75,84729.74,26.91,27157.87,35626.32,8468.44,75,73,97.33,43,5,3.76,0.57,4,High
2024,Q1,Sales,North,Manager_13,492048.73,255724.51,75291.15,47180.9,236324.22,113852.17,23.14,128732.9,184975.46,56242.56,43,19,44.19,50,21,2.68,1.1,7,High
2023,Q4,Marketing,West,Manager_11,447889.54,294440.74,50261.43,36770.86,153448.8,66416.51,14.83,183328.43,199068.06,15739.63,17,6,35.29,53,22,4.69,0.61,3,Medium
2022,Q4,Marketing,South,Manager_9,320359.3,129011.61,43554.81,33402.68,191347.69,114390.2,35.71,62994.2,88079.57,25085.37,22,14,63.64,40,7,4.35,0.86,4,High
2024,Q2,IT,East,Manager_10,456675.79,263284.45,31960.94,7242.89,193391.33,154187.5,33.76,104535.52,122459.05,17923.53,17,7,41.18,6,12,4.1,0.75,1,Low
2023,Q3,Finance,East,Manager_9,495133.21,286986.24,52445.97,45676.1,208146.97,110024.91,22.22,101083.75,125498.23,24414.48,74,62,83.78,13,19,3.85,0.58,2,Medium
2022,Q3,Logistics,South,Manager_15,384508.77,199559.26,19743.86,45922.56,184949.51,119283.09,31.02,105134.84,120625.06,15490.22,52,49,94.23,28,17,4.59,0.52,0,Low
2023,Q3,HR,South,Manager_9,79243.88,37332.46,72878.31,40109.59,41911.43,-71076.47,-89.69,132053.55,144426.54,12373.0,48,31,64.58,18,10,2.67,0.87,3,Medium
2024,Q4,Sales,East,Manager_6,230711.11,108527.01,68053.27,5316.31,122184.09,48814.51,21.16,104553.88,94041.55,-10512.33,90,49,54.44,18,17,4.62,0.98,2,Medium
2022,Q4,Sales,East,Manager_15,427021.58,284017.56,32227.2,7577.61,143004.02,103199.21,24.17,100544.27,96292.75,-4251.52,68,44,64.71,1,23,4.37,1.01,1,Low
2023,Q4,Operations,South,Manager_8,153756.14,81891.64,76695.83,15135.07,71864.49,-19966.4,-12.99,105371.92,99731.84,-5640.07,93,77,82.8,40,16,4.24,0.79,4,High
2022,Q1,Finance,East,Manager_14,423789.13,211583.85,67764.05,10910.72,212205.28,133530.51,31.51,126356.14,148948.06,22591.92,97,39,40.21,44,22,3.68,0.97,4,High
2023,Q2,Marketing,North,Manager_11,104152.44,55683.36,56641.48,22947.62,48469.08,-31120.02,-29.88,116661.35,93557.81,-23103.54,95,71,74.74,14,9,2.74,0.9,3,Medium
2024,Q4,HR,North,Manager_15,71125.41,42733.36,18523.33,46518.04,28392.05,-36649.33,-51.53,173744.48,257015.51,83271.03,95,72,75.79,2,23,3.27,0.93,4,High
2024,Q2,IT,South,Manager_13,222840.78,98880.46,43476.38,26242.72,123960.31,54241.21,24.34,28909.43,37945.28,9035.84,53,41,77.36,10,14,4.38,0.8,2,Medium
2022,Q2,Marketing,West,Manager_1,66529.37,35581.91,45427.53,5603.12,30947.46,-20083.19,-30.19,169997.07,177005.85,7008.77,18,9,50.0,52,19,2.1,0.88,6,High
2023,Q3,Finance,South,Manager_10,480771.62,277100.08,26278.6,17723.56,203671.53,159669.38,33.21,171906.43,143512.74,-28393.7,46,38,82.61,45,19,4.35,0.98,3,Medium
2022,Q1,Logistics,South,Manager_4,421792.56,288748.65,15597.58,7006.77,133043.92,110439.57,26.18,71283.44,103339.13,32055.69,83,37,44.58,29,12,2.72,0.74,4,High
2022,Q4,IT,West,Manager_1,410346.36,195225.7,64370.65,6632.94,215120.66,144117.06,35.12,103313.35,144660.53,41347.18,45,23,51.11,56,21,2.43,0.98,7,High
2023,Q3,Logistics,West,Manager_8,333400.07,169292.29,18542.45,17407.39,164107.77,128157.93,38.44,98936.93,129950.03,31013.1,37,34,91.89,39,16,2.35,0.86,5,High
2023,Q3,Operations,West,Manager_1,147345.81,75707.39,51600.35,17402.56,71638.42,2635.51,1.79,59331.77,55226.9,-4104.87,51,43,84.31,17,13,2.08,0.6,1,Low
2023,Q4,Operations,North,Manager_3,283217.17,164736.51,75551.44,40420.7,118480.66,2508.52,0.89,91423.43,95270.5,3847.07,52,21,40.38,50,4,3.57,0.51,3,Medium
2024,Q2,Sales,East,Manager_13,318773.33,161624.33,71327.36,48867.56,157149.0,36954.08,11.59,27989.8,22037.38,-5952.42,94,51,54.26,47,20,2.65,0.72,4,High
2022,Q3,Logistics,North,Manager_4,286264.18,160323.28,29442.68,21704.32,125940.9,74793.9,26.13,70007.97,60254.71,-9753.26,97,51,52.58,1,9,4.97,0.83,1,Low
2022,Q2,Finance,East,Manager_15,167105.02,106034.33,69601.4,24299.91,61070.68,-32830.63,-19.65,167002.79,228053.02,61050.23,51,28,54.9,31,14,3.72,1.0,8,High
2024,Q1,HR,North,Manager_15,281861.57,172390.95,10023.28,43015.52,109470.61,56431.81,20.02,71221.21,93141.89,21920.67,75,41,54.67,7,4,2.41,0.58,4,High
2023,Q2,IT,East,Manager_15,271033.85,144707.85,11238.15,17066.26,126326.01,98021.61,36.17,167277.2,201479.18,34201.98,64,28,43.75,21,22,4.07,0.98,4,High
2024,Q1,Marketing,North,Manager_8,498351.1,328545.36,52178.72,12037.18,169805.73,105589.83,21.19,115687.9,169062.57,53374.66,81,54,66.67,5,20,4.69,1.02,3,Medium
2024,Q2,Finance,West,Manager_6,453846.27,257531.47,35535.88,43389.03,196314.8,117389.89,25.87,178375.28,213296.98,34921.7,57,47,82.46,11,8,4.24,0.59,0,Low
2024,Q3,Finance,South,Manager_14,258521.34,145281.69,37052.26,7092.53,113239.65,69094.86,26.73,123460.32,135426.44,11966.12,31,23,74.19,46,12,2.23,1.01,4,High
2022,Q3,Operations,North,Manager_10,330321.82,135516.62,49510.88,32886.47,194805.2,112407.85,34.03,25340.28,25069.52,-270.76,36,28,77.78,56,22,4.69,1.09,3,Medium
2024,Q1,Logistics,East,Manager_12,386542.22,269036.44,23424.77,30289.68,117505.78,63791.33,16.5,141575.64,212275.85,70700.22,76,34,44.74,39,17,4.38,0.94,5,High
2022,Q4,Sales,West,Manager_7,65689.32,28699.09,24822.87,20566.42,36990.23,-8399.06,-12.79,28073.64,21625.36,-6448.29,22,21,95.45,35,7,2.47,0.97,6,High
2022,Q1,Sales,North,Manager_14,452714.65,212476.76,43922.11,19183.53,240237.88,177132.24,39.13,101107.46,150776.94,49669.47,54,48,88.89,14,22,2.16,1.1,4,High
2022,Q1,IT,North,Manager_8,437057.07,181601.17,62797.75,39733.6,255455.9,152924.55,34.99,187296.81,262722.63,75425.82,19,16,84.21,27,5,3.67,0.86,2,Medium
2023,Q2,Operations,West,Manager_2,255844.44,151460.14,53364.84,8889.11,104384.31,42130.36,16.47,49736.71,40308.64,-9428.07,18,16,88.89,51,7,2.47,0.68,3,Medium
2022,Q2,Finance,North,Manager_13,226026.39,105647.08,30814.85,15655.29,120379.32,73909.17,32.7,90177.02,106430.23,16253.21,63,60,95.24,56,10,4.5,1.0,3,Medium
2022,Q1,HR,South,Manager_10,172831.72,78466.14,40123.6,37960.19,94365.58,16281.78,9.42,151374.86,217459.94,66085.08,36,26,72.22,48,10,3.08,0.87,4,High
2023,Q3,Operations,North,Manager_14,264504.57,112828.84,21946.53,29674.43,151675.74,100054.78,37.83,178806.54,212071.31,33264.77,43,22,51.16,44,10,4.74,0.85,3,Medium
2022,Q2,IT,South,Manager_11,69969.5,30156.34,15224.09,10759.47,39813.16,13829.6,19.77,140769.74,207089.16,66319.42,10,7,70.0,17,14,3.7,0.65,2,Medium
2024,Q4,IT,South,Manager_8,433487.09,249429.0,64788.72,44696.1,184058.09,74573.27,17.2,66471.19,99808.89,33337.71,41,34,82.93,1,10,2.55,0.95,4,High
2024,Q2,Operations,West,Manager_3,65940.07,39990.17,28577.12,22705.15,25949.9,-25332.37,-38.42,141429.41,149777.55,8348.13,98,82,83.67,12,13,2.42,0.55,3,Medium
2022,Q2,IT,North,Manager_7,198073.11,102842.27,22443.65,42254.08,95230.84,30533.12,15.42,73410.98,74931.8,1520.83,80,57,71.25,44,16,3.73,1.05,3,Medium
